{
    "actualPalette":0,
    "cats":
    [
        {
            "actualLevel":19,
            "boardSize":5,
            "numLevels":20
        },
        {
            "actualLevel":19,
            "boardSize":10,
            "numLevels":20
        },
        {
            "actualLevel":19,
            "boardSize":15,
            "numLevels":20
        },
        {
            "actualLevel":19,
            "boardSize":20,
            "numLevels":20
        }
    ],
    "currentLifes":5,
    "estado":
    {
        "Estado":[],
        "level":-1,
        "size":-1
    },
    "maxLifes":5,
    "unlockedCats":1,
    "unlockedPalettes":[]
}
